{"cameraMode":{"drawMode":0,"name":"Shaded","section":"Shading Mode"},"sceneLighting":false,"audioPlay":false,"sceneViewState":{"showFog":true,"showMaterialUpdate":false,"showSkybox":false,"showFlares":true,"showImageEffects":true,"showParticleSystems":true},"in2DMode":false,"pivot":{"x":704.5333862304688,"y":496.94354248046877,"z":-529.9229736328125},"rotation":{"x":0.12739795446395875,"y":-0.13761137425899507,"z":0.01784716732800007,"w":0.9820969700813294},"size":890.2482299804688,"orthographic":true}