{"cameraMode":{"drawMode":0,"name":"Shaded","section":"Shading Mode"},"sceneLighting":false,"audioPlay":false,"sceneViewState":{"showFog":true,"showMaterialUpdate":false,"showSkybox":false,"showFlares":true,"showImageEffects":true,"showParticleSystems":true},"in2DMode":false,"pivot":{"x":30.748516082763673,"y":10.710000038146973,"z":-32.1383171081543},"rotation":{"x":0.20051588118076325,"y":-0.4698602855205536,"z":0.11050683259963989,"w":0.8525332808494568},"size":4.318437576293945,"orthographic":true}