{"cameraMode":{"drawMode":0,"name":"Shaded","section":"Shading Mode"},"sceneLighting":true,"audioPlay":false,"sceneViewState":{"showFog":true,"showMaterialUpdate":false,"showSkybox":true,"showFlares":true,"showImageEffects":true,"showParticleSystems":true},"in2DMode":false,"pivot":{"x":-1390.1875,"y":244.02093505859376,"z":-385.8216552734375},"rotation":{"x":0.2333250343799591,"y":-0.005834345705807209,"z":0.0013999661896377802,"w":0.9723803400993347},"size":346.76806640625,"orthographic":true}