{"cameraMode":{"drawMode":0,"name":"Shaded","section":"Shading Mode"},"sceneLighting":false,"audioPlay":false,"sceneViewState":{"showFog":true,"showMaterialUpdate":false,"showSkybox":false,"showFlares":true,"showImageEffects":true,"showParticleSystems":true},"in2DMode":false,"pivot":{"x":49.361717224121097,"y":18.614482879638673,"z":-48.419700622558597},"rotation":{"x":0.12739795446395875,"y":-0.13761137425899507,"z":0.01784716732800007,"w":0.9820969700813294},"size":22.0,"orthographic":true}