{"cameraMode":{"drawMode":0,"name":"Shaded","section":"Shading Mode"},"sceneLighting":true,"audioPlay":false,"sceneViewState":{"showFog":true,"showMaterialUpdate":false,"showSkybox":true,"showFlares":true,"showImageEffects":true,"showParticleSystems":true},"in2DMode":false,"pivot":{"x":253.97805786132813,"y":293.7437438964844,"z":123.5768051147461},"rotation":{"x":0.14330793917179109,"y":-0.2044830322265625,"z":0.030273670330643655,"w":0.9678497314453125},"size":710.567138671875,"orthographic":true}