{"cameraMode":{"drawMode":0,"name":"Shaded","section":"Shading Mode"},"sceneLighting":true,"audioPlay":false,"sceneViewState":{"showFog":true,"showMaterialUpdate":false,"showSkybox":true,"showFlares":true,"showImageEffects":true,"showParticleSystems":true},"in2DMode":false,"pivot":{"x":31.242565155029298,"y":11.656850814819336,"z":-31.794530868530275},"rotation":{"x":0.20852182805538178,"y":-0.19623534381389619,"z":0.04274919256567955,"w":0.9571744203567505},"size":27.463777542114259,"orthographic":true}