{"cameraMode":{"drawMode":0,"name":"Shaded","section":"Shading Mode"},"sceneLighting":true,"audioPlay":false,"sceneViewState":{"showFog":true,"showMaterialUpdate":false,"showSkybox":true,"showFlares":true,"showImageEffects":true,"showParticleSystems":true},"in2DMode":false,"pivot":{"x":-0.405406653881073,"y":-1.4985861778259278,"z":-7.801446437835693},"rotation":{"x":-0.11902037262916565,"y":-0.8712228536605835,"z":0.3991413116455078,"w":-0.25979065895080569},"size":14.448143005371094,"orthographic":true}